name,description
able room,It is a very able room
absolute room,It is a very absolute room
adorable room,It is a very adorable room
adventurous room,It is a very adventurous room
academic room,It is a very academic room
acceptable room,It is a very acceptable room
acclaimed room,It is a very acclaimed room
accomplished room,It is a very accomplished room
accurate room,It is a very accurate room
aching room,It is a very aching room
acidic room,It is a very acidic room
acrobatic room,It is a very acrobatic room
active room,It is a very active room
actual room,It is a very actual room
adept room,It is a very adept room
admirable room,It is a very admirable room
admired room,It is a very admired room
adolescent room,It is a very adolescent room
adorable room,It is a very adorable room
adored room,It is a very adored room
advanced room,It is a very advanced room
afraid room,It is a very afraid room
affectionate room,It is a very affectionate room
aged room,It is a very aged room
aggravating room,It is a very aggravating room
